{"name":"2348c615-6532-462c-83fe-61c2cec4b079","id":"/providers/Microsoft.Flow/flows/2348c615-6532-462c-83fe-61c2cec4b079","type":"Microsoft.Flow/flows","properties":{"apiId":"/providers/Microsoft.PowerApps/apis/shared_logicflows","displayName":"Approve & Automate Provisioning Microsoft Team","definition":{"$schema":"https://schema.management.azure.com/providers/Microsoft.Logic/schemas/2016-06-01/workflowdefinition.json#","contentVersion":"1.0.0.0","parameters":{"$connections":{"defaultValue":{},"type":"Object"},"$authentication":{"defaultValue":{},"type":"SecureObject"}},"triggers":{"When_an_item_is_created":{"recurrence":{"interval":5,"frequency":"Minute"},"splitOn":"@triggerBody()?['value']","metadata":{"flowSystemMetadata":{"swaggerOperationId":"GetOnNewItems"}},"type":"ApiConnection","inputs":{"host":{"api":{"runtimeUrl":"https://msmanaged-na.azure-apim.net/apim/sharepointonline"},"connection":{"name":"@parameters('$connections')['shared_sharepointonline']['connectionId']"}},"method":"get","path":"/datasets/@{encodeURIComponent(encodeURIComponent('https://m365x547939.sharepoint.com'))}/tables/@{encodeURIComponent(encodeURIComponent('dcf3b66a-4727-4f4e-ba5d-fe02113b6f10'))}/onnewitems","authentication":"@parameters('$authentication')"}}},"actions":{"Send_approval_email":{"runAfter":{"Initialize_approver_variable":["Succeeded"]},"metadata":{"flowSystemMetadata":{"swaggerOperationId":"SendApprovalMail"}},"type":"ApiConnectionWebhook","inputs":{"host":{"api":{"runtimeUrl":"https://msmanaged-na.azure-apim.net/apim/office365"},"connection":{"name":"@parameters('$connections')['shared_office365']['connectionId']"}},"path":"/approvalmail/$subscriptions","body":{"NotificationUrl":"@{listCallbackUrl()}","Message":{"To":"@{variables('Approver Email')};","Subject":"@{triggerBody()?['Author']?['DisplayName']} is requesting a Microsoft Team","Options":"Approve, Reject","Body":"Requesting User: @{triggerBody()?['Author']?['DisplayName']}\nTeam Name: @{triggerBody()?['Title']}\nTeam Description: @{triggerBody()?['Team_x0020_Description']}\n","Importance":"Normal"}},"authentication":"@parameters('$authentication')"}},"Check_if_approved":{"actions":{"Get_user_profile_(V1)":{"runAfter":{},"metadata":{"flowSystemMetadata":{"swaggerOperationId":"UserProfile"}},"type":"ApiConnection","inputs":{"host":{"api":{"runtimeUrl":"https://msmanaged-na.azure-apim.net/apim/office365users"},"connection":{"name":"@parameters('$connections')['shared_office365users']['connectionId']"}},"method":"get","path":"/users/@{encodeURIComponent(triggerBody()?['Author']?['Email'])}","authentication":"@parameters('$authentication')"}},"Switch_on_Job_Status":{"runAfter":{"Get_job_output":["Succeeded"]},"cases":{"Case_1:_Completed":{"case":"Completed","actions":{"Send_creation_confirmation_email_to_requesting_user":{"runAfter":{"Update_'Team_Created'_Column_to_'Yes'":["Succeeded"]},"metadata":{"flowSystemMetadata":{"swaggerOperationId":"SendEmail"}},"type":"ApiConnection","inputs":{"host":{"api":{"runtimeUrl":"https://msmanaged-na.azure-apim.net/apim/office365"},"connection":{"name":"@parameters('$connections')['shared_office365']['connectionId']"}},"method":"post","path":"/Mail","body":{"Cc":"@{variables('Approver Email')};","To":"@{triggerBody()?['Author']?['Email']};","Subject":"Your Requested Team has been Provisioned","Body":"Your team has been created and you have been made an owner. It should be ready for use in the Teams application. It may take several minutes before it shows you as the Team owner."},"authentication":"@parameters('$authentication')"}},"Update_'Team_Created'_Column_to_'Yes'":{"runAfter":{},"metadata":{"flowSystemMetadata":{"swaggerOperationId":"PatchItem"}},"type":"ApiConnection","inputs":{"host":{"api":{"runtimeUrl":"https://msmanaged-na.azure-apim.net/apim/sharepointonline"},"connection":{"name":"@parameters('$connections')['shared_sharepointonline']['connectionId']"}},"method":"patch","path":"/datasets/@{encodeURIComponent(encodeURIComponent('https://m365x547939.sharepoint.com/'))}/tables/@{encodeURIComponent(encodeURIComponent('dcf3b66a-4727-4f4e-ba5d-fe02113b6f10'))}/items/@{encodeURIComponent(triggerBody()?['ID'])}","body":{"Title":"@triggerBody()?['Title']","Team_x0020_Description":"@triggerBody()?['Team_x0020_Description']","Team_x0020_Created":true,"{ContentType}":{"@@odata.type":"#Microsoft.Azure.Connectors.SharePoint.SPListExpandedContentType","Id":"0x01000868F5D084305F449DB1B6A5239EB83E"}},"authentication":"@parameters('$authentication')"}}}},"Case_2:_Suspended":{"case":"Suspended","actions":{"Send_an_email_mentioning_a_problem_occured":{"runAfter":{},"metadata":{"flowSystemMetadata":{"swaggerOperationId":"SendEmail"}},"type":"ApiConnection","inputs":{"host":{"api":{"runtimeUrl":"https://msmanaged-na.azure-apim.net/apim/office365"},"connection":{"name":"@parameters('$connections')['shared_office365']['connectionId']"}},"method":"post","path":"/Mail","body":{"Cc":"@{variables('Approver Email')};","To":"@{triggerBody()?['Author']?['DisplayName']};","Subject":"A problem occurred while attempting to create your Team","Body":"Dear @{body('Get_user_profile_(V1)')?['DisplayName']},\n\nAn occurred while attempting to create your Microsoft Team. Please reach out to <email> with questions."},"authentication":"@parameters('$authentication')"}},"Send_an_email_to_admin_about_suspended_job":{"runAfter":{"Send_an_email_mentioning_a_problem_occured":["Succeeded"]},"metadata":{"flowSystemMetadata":{"swaggerOperationId":"SendEmail"}},"type":"ApiConnection","inputs":{"host":{"api":{"runtimeUrl":"https://msmanaged-na.azure-apim.net/apim/office365"},"connection":{"name":"@parameters('$connections')['shared_office365']['connectionId']"}},"method":"post","path":"/Mail","body":{"To":"@{variables('Approver Email')};","Subject":"Runbook Job @{body('Create_ProvisionMSTeam_Runbook_Job')?['properties']?['jobId']}suspended","Body":"Job with job ID: @{body('Create_ProvisionMSTeam_Runbook_Job')?['properties']?['jobId']}suspended"},"authentication":"@parameters('$authentication')"}}}}},"default":{"actions":{"Send_an_email_to_admin":{"runAfter":{},"metadata":{"flowSystemMetadata":{"swaggerOperationId":"SendEmail"}},"type":"ApiConnection","inputs":{"host":{"api":{"runtimeUrl":"https://msmanaged-na.azure-apim.net/apim/office365"},"connection":{"name":"@parameters('$connections')['shared_office365']['connectionId']"}},"method":"post","path":"/Mail","body":{"To":"@{variables('Approver Email')};","Subject":"Error occurred during Teams provisioning","Body":"The Job Status for job @{body('Create_ProvisionMSTeam_Runbook_Job')?['properties']?['jobId']} is @{body('Create_ProvisionMSTeam_Runbook_Job')?['properties']?['status']}."},"authentication":"@parameters('$authentication')"}}}},"expression":"@body('Create_ProvisionMSTeam_Runbook_Job')?['properties']?['status']","type":"Switch"},"Create_O365_Group":{"runAfter":{"Get_user_profile_(V1)":["Succeeded"]},"metadata":{"flowSystemMetadata":{"swaggerOperationId":"CreateGroup"}},"type":"ApiConnection","inputs":{"host":{"api":{"runtimeUrl":"https://msmanaged-na.azure-apim.net/apim/azuread"},"connection":{"name":"@parameters('$connections')['shared_azuread_1']['connectionId']"}},"method":"post","path":"/v1.0/groups","body":{"displayName":"@triggerBody()?['Title']","description":"@triggerBody()?['Team_x0020_Description']","mailNickname":"@{join(split(triggerBody()?['Title'],' '),'')}","groupTypes":["Unified"],"securityEnabled":true,"mailEnabled":true},"authentication":"@parameters('$authentication')"}},"Add_user_to_O365_Group":{"runAfter":{"Update_Approved_Column_to_'Yes'":["Succeeded"]},"metadata":{"flowSystemMetadata":{"swaggerOperationId":"AddUserToGroup"}},"type":"ApiConnection","inputs":{"host":{"api":{"runtimeUrl":"https://msmanaged-na.azure-apim.net/apim/azuread"},"connection":{"name":"@parameters('$connections')['shared_azuread_1']['connectionId']"}},"method":"post","path":"/v1.0/groups/@{encodeURIComponent(body('Create_O365_Group')?['id'])}/members/$ref","body":{"@@odata.id":"@body('Get_user_profile_(V1)')['Id']"},"authentication":"@parameters('$authentication')"}},"Update_Approved_Column_to_'Yes'":{"runAfter":{"Create_O365_Group":["Succeeded"]},"metadata":{"flowSystemMetadata":{"swaggerOperationId":"PatchItem"}},"type":"ApiConnection","inputs":{"host":{"api":{"runtimeUrl":"https://msmanaged-na.azure-apim.net/apim/sharepointonline"},"connection":{"name":"@parameters('$connections')['shared_sharepointonline']['connectionId']"}},"method":"patch","path":"/datasets/@{encodeURIComponent(encodeURIComponent('https://m365x547939.sharepoint.com/'))}/tables/@{encodeURIComponent(encodeURIComponent('dcf3b66a-4727-4f4e-ba5d-fe02113b6f10'))}/items/@{encodeURIComponent(triggerBody()?['ID'])}","body":{"Title":"@triggerBody()?['Title']","Team_x0020_Description":"@triggerBody()?['Team_x0020_Description']","Approved":true,"Approved_x0020_Date":"@{utcNow()}","{ContentType}":{"@@odata.type":"#Microsoft.Azure.Connectors.SharePoint.SPListExpandedContentType","Id":"0x01000868F5D084305F449DB1B6A5239EB83E"}},"authentication":"@parameters('$authentication')"}},"Create_ProvisionMSTeam_Runbook_Job":{"runAfter":{"Delay":["Succeeded"]},"metadata":{"flowSystemMetadata":{"swaggerOperationId":"CreateJob"}},"type":"ApiConnection","inputs":{"host":{"api":{"runtimeUrl":"https://msmanaged-na.azure-apim.net/apim/azureautomation"},"connection":{"name":"@parameters('$connections')['shared_azureautomation_1']['connectionId']"}},"method":"put","path":"/subscriptions/@{encodeURIComponent('b5c76154-1a3c-4d92-84b8-6d622a27a94e')}/resourceGroups/@{encodeURIComponent('General')}/providers/Microsoft.Automation/automationAccounts/@{encodeURIComponent('AutomationAccount')}/jobs","queries":{"x-ms-api-version":"2015-10-31","runbookName":"ProvisionMicrosoftTeam","wait":true},"body":{"properties":{"parameters":{"GroupId":"@body('Create_O365_Group')?['id']","UPN":"@body('Get_user_profile_(V1)')?['UserPrincipalName']"}}},"authentication":"@parameters('$authentication')"}},"Get_job_output":{"runAfter":{"Create_ProvisionMSTeam_Runbook_Job":["Succeeded"]},"metadata":{"flowSystemMetadata":{"swaggerOperationId":"GetJobOutput"}},"type":"ApiConnection","inputs":{"host":{"api":{"runtimeUrl":"https://msmanaged-na.azure-apim.net/apim/azureautomation"},"connection":{"name":"@parameters('$connections')['shared_azureautomation_1']['connectionId']"}},"method":"get","path":"/subscriptions/@{encodeURIComponent('b5c76154-1a3c-4d92-84b8-6d622a27a94e')}/resourceGroups/@{encodeURIComponent('General')}/providers/Microsoft.Automation/automationAccounts/@{encodeURIComponent('AutomationAccount')}/jobs/@{encodeURIComponent(body('Create_ProvisionMSTeam_Runbook_Job')?['properties']?['jobId'])}/output","queries":{"x-ms-api-version":"2015-10-31"},"authentication":"@parameters('$authentication')"}},"Delete_request_item_if_creation_failed":{"runAfter":{"Create_O365_Group":["Failed"]},"metadata":{"flowSystemMetadata":{"swaggerOperationId":"DeleteItem"}},"type":"ApiConnection","inputs":{"host":{"api":{"runtimeUrl":"https://msmanaged-na.azure-apim.net/apim/sharepointonline"},"connection":{"name":"@parameters('$connections')['shared_sharepointonline']['connectionId']"}},"method":"delete","path":"/datasets/@{encodeURIComponent(encodeURIComponent('https://m365x547939.sharepoint.com'))}/tables/@{encodeURIComponent(encodeURIComponent('dcf3b66a-4727-4f4e-ba5d-fe02113b6f10'))}/items/@{encodeURIComponent(triggerBody()?['ID'])}","authentication":"@parameters('$authentication')"}},"Send_a_\"creation_failed\"_email_to_requesting_user":{"runAfter":{"Delete_request_item_if_creation_failed":["Succeeded"]},"metadata":{"flowSystemMetadata":{"swaggerOperationId":"SendEmail"}},"type":"ApiConnection","inputs":{"host":{"api":{"runtimeUrl":"https://msmanaged-na.azure-apim.net/apim/office365"},"connection":{"name":"@parameters('$connections')['shared_office365']['connectionId']"}},"method":"post","path":"/Mail","body":{"Cc":"@{variables('Approver Email')};","To":"@{body('Get_user_profile_(V1)')?['Mail']};","Subject":"Error occurred during creation of your Microsoft Team","Body":"Dear @{body('Get_user_profile_(V1)')?['DisplayName']},\nDuring the creation of your Microsoft Team an error occurred. This is most likely due to an existing Office 365 Group already having the name you requested (@{triggerBody()?['Title']}), or some other error with the Team Name.\n\nYour request item has been removed from the SharePoint List\n\nPlease enter a new request."},"authentication":"@parameters('$authentication')"}},"Delay":{"runAfter":{"Add_user_to_O365_Group":["Succeeded"]},"type":"Wait","inputs":{"interval":{"count":30,"unit":"Second"}}}},"runAfter":{"Send_approval_email":["Succeeded"]},"else":{"actions":{"Send_a_\"request_denied\"_email_to_requesting_user":{"runAfter":{},"metadata":{"flowSystemMetadata":{"swaggerOperationId":"SendEmail"}},"type":"ApiConnection","inputs":{"host":{"api":{"runtimeUrl":"https://msmanaged-na.azure-apim.net/apim/office365"},"connection":{"name":"@parameters('$connections')['shared_office365']['connectionId']"}},"method":"post","path":"/Mail","body":{"To":"@{triggerBody()?['Author']?['Email']};","Subject":"Request denied for creation of Microsoft Team","Body":"Dear @{triggerBody()?['Author']?['DisplayName']},\n\nYour request for a Microsoft Team named \"@{triggerBody()?['Title']}\" was denied. For inquiries, reach out to <email here>."},"authentication":"@parameters('$authentication')"}}}},"expression":"@equals(body('Send_approval_email')?['SelectedOption'], 'Approve')","type":"If"},"Initialize_approver_variable":{"runAfter":{},"type":"InitializeVariable","inputs":{"variables":[{"name":"Approver Email","type":"String"}]},"description":"Specify the email address of the mailbox where approval request should go."}}},"connectionReferences":{"shared_office365":{"connectionName":"ee0c0dcfcdfa4cbbb5561d7977e0278f","source":"Embedded","id":"/providers/Microsoft.PowerApps/apis/shared_office365","tier":"NotSpecified"},"shared_office365users":{"connectionName":"922e4792847d415dab253db2ae521d2c","source":"Embedded","id":"/providers/Microsoft.PowerApps/apis/shared_office365users","tier":"NotSpecified"},"shared_sharepointonline":{"connectionName":"54cecbcbe77246b18381fbc549281975","source":"Embedded","id":"/providers/Microsoft.PowerApps/apis/shared_sharepointonline","tier":"NotSpecified"},"shared_azuread_1":{"connectionName":"shared-azuread-14be2d22-7228-4811-a825-932f8f3ec5a6","source":"Embedded","id":"/providers/Microsoft.PowerApps/apis/shared_azuread","tier":"NotSpecified"},"shared_azureautomation_1":{"connectionName":"shared-azureautomati-b5e94da5-1190-4f8d-b598-ec4092710f6c","source":"Embedded","id":"/providers/Microsoft.PowerApps/apis/shared_azureautomation","tier":"NotSpecified"}}}}